enemy,found_in,type,tier,hp,speed_mps,radius_m,touch_damage,special_attack,special_damage,special_details,score,drop_chance,stun,calm
Small slime,dungeon rooms,melee,weak,10+,3.6,0.7,20,,,HP grows +10 every 5 difficulty levels; hops,10,4%,full,yes
Big slime,dungeon rooms,melee,tough,40+,2.6,1.25,35,,,HP grows +10 every 3 levels,40,25%,full,yes
Spitter,dungeon rooms,ranged,normal,20+,3.2,0.85,15,glob,20,keeps 9-14 m away; spits every ~3 s after a 0.7 s swell; globs 11 m/s,25,10%,full,yes
King Slime,Lava Chamber (final boss),melee + ranged,boss,900,2.2,2.8,30,leaping slam / 5-glob volley,30 / 20 each,slam radius 4.5 m with warning ring; splits 4 small slimes at 2/3 and 1/3 HP,500,0%,35% duration,immune
Armored Beetle,The Woodland,melee,weak,10,4.2,0.6,8,,,comes in swarms,8,3%,full,yes
Venomous Snake,The Woodland,melee,normal,25,3.2,0.7,10,coil + lunge,18,strikes within 3.4 m after a 0.45 s coil; every 1.8 s,15,6%,full,yes
Dire Wolf,The Woodland,melee,tough,45,6,0.8,15,hit and run,,backs off for 0.9 s after each bite (harmless while retreating),30,12%,full,yes
Thorn Boar,The Woodland,melee,elite,80,3.8,1,15,paw + charge,30,charges at 15 m/s from 5-16 m after a 0.8 s paw; dazed 1.2 s if it hits a wall or tree,60,25%,full,yes
The Crystal Bear,The Woodland,melee,mini-boss,300,2.8,1.7,20,swipe / ground pound / roar,25 / 25,pound radius 4.5 m every 6 s with warning ring; roars 4 beetles in at half HP,300,0%,50% duration,immune
Thorn Vine,Crypt; Throne Room; Flooded Hall,melee,normal,30,3.4,0.8,10,vine lash,15,lashes within 3 m after a 0.5 s rear-back; every 2 s,20,8%,full,yes
Wind Elemental,Crystal Cave; Throne Room,ranged,normal,35,3.8,0.85,8,gust bolt,8,keeps 7-12 m away; every 2.4 s; big shove (knock 28),25,8%,full,yes
Water Elemental,Flooded Hall,ranged,normal,45,3,0.9,10,water bolt,12,keeps 8-13 m away; every 3 s; slows the hero to 55% speed for 2 s,30,10%,full,yes
Fire Elemental,Lava Chamber,ranged,tough,60,3.2,0.85,15,fireball,15,"keeps 9-14 m away; every 3.2 s; leaves burning ground (r 1.8 m, 3 s, 10 HP/s)",45,15%,full,yes
Treant,Crypt,melee,elite,120,2.4,1.3,15,erupting roots,22,targets the hero's spot within 14 m with a 1.1 s warning ring (r 2.2 m); slows to 50% for 1.5 s; every 5 s,70,25%,70% duration,yes
Rock Golem,Crystal Cave; Throne Room; Lava Chamber,melee,elite,140,2.2,1.3,15,heavy punch,30,punches within 3 m after a 0.75 s wind-up; huge knockback (34); every 2.4 s,80,25%,70% duration,yes

HERO (elf),,,,100,7.5,0.5,,arrow,10,"invulnerable 1.1 s after a hit; heals +20 per wave, full per room, +25 heart pickup, +25 spring",,,,
